﻿{"cameraMode":{"drawMode":0,"name":"Shaded","section":"Shading Mode"},"sceneLighting":true,"audioPlay":false,"sceneViewState":{"showFog":true,"showMaterialUpdate":false,"showSkybox":false,"showFlares":true,"showImageEffects":true,"showParticleSystems":true},"in2DMode":false,"pivot":{"x":-1.7992340326309205,"y":0.912876307964325,"z":4.930258750915527},"rotation":{"x":0.18583694100379945,"y":0.5056245923042297,"z":-0.11253924667835236,"w":0.8349671959877014},"size":21.73295021057129,"orthographic":true}